,Age & BMI,"HRV
(average of nights)"
liver_elasticity,0.0503229417645186,0.12201323999830496
bt__platelets,0.1168869250921433,0.14099782716902698
liver_viscosity,0.07302644203364865,0.08909248670520675
