,Age & BMI,"Sleep Quality
(average of nights)"
bt__creatinine,0.07286687871408935,0.077130776371539
bt__sodium,0.16518064923352171,0.1132218677133976
bt__potassium,0.13922268322797676,0.15011121395020022
bt__urea,0.17390005122601895,0.12601812038857035
