,Age & BMI,"Sleep Quality
(average of nights)"
bt__creatinine,0.06899101898606094,0.0503996965979165
bt__sodium,-0.0153439824270163,0.0001551850767274
bt__potassium,0.0424583459773274,0.03887619088336115
bt__urea,0.0509497316684728,0.0609121785398845
