,"Age, BMI & VAT",Medications
clinical_OSA,0.5028409090909091,0.5045936788999902
