,"Age, BMI & VAT",Medications
clinical_OSA,0.4997597308986064,0.4995194617972129
