,"Age, BMI & VAT",Medications
clinical_OSA,0.00011900141294267023,0.00022434454092633264
