,"Age, BMI & VAT",Medications
clinical_OSA,0.0003524177373542374,0.0015546624231714103
