,"Age, BMI & VAT","Sleep Quality
(average of nights)"
femur_shaft_diff_area,0.04041356790977945,0.0508368178434627
femur_total_diff_area,0.006186343149800849,0.016117104373084702
