,Age & BMI,"Sleep Quality
(average of nights)"
body_leg_left_area,0.0136102456989558,0.056008764366425656
body_legs_area,0.0049448555329913,0.044960194864145
femur_total_diff_bmd,0.012575810852306451,0.04726979568027795
femur_neck_diff_bmd,0.00143521489603355,0.03133627718221025
body_total_left_area,0.0295721608918778,0.04742909839594435
femur_shaft_diff_area,0.02469364997698025,0.03907616319518135
body_total_area,0.04192697625758485,0.05532284441910325
