,Age & BMI,"HRV
(average of nights)"
health_satisfaction,0.242604890398608,0.27232816004396454
rds_score,0.1711646238616189,0.1846999402073667
fidgety_or_restless_fortnight,0.15230547558861623,0.15230547558861623
