,Age & BMI,"HRV
(measured during sleep)"
health_satisfaction,0.2374684238915732,0.25562128080637136
rds_score,0.2153770992313157,0.2213816147642066
fidgety_or_restless_fortnight,0.1622023543070888,0.1622023543070888
little_interest_or_pleasure_fortnight,0.036861058258133794,0.036861058258133794
