,"Age, BMI & VAT",Diet
number_of_transitions_nrem_to_rem,0.033339001863817594,0.08744416093443125
saturation_max_value,0.0833362637676904,0.11553535671163485
total_rem_sleep_time,0.047996692786105855,0.061039497998029046
number_of_transitions_rem_to_nrem,0.03529210783758545,0.0465022399504923
