,Age & BMI,"Sleep Quality
(average of nights)"
fBin__503,0.07525058327593884,0.07525058327593884
