,"Age, BMI & VAT","Sleep Quality
(average of nights)"
fBin__270,0.1522747892530904,0.1522747892530906
fBin__274,0.0950464139242159,0.0950464139242159
fBin__504,0.0965592216416035,0.0965592216416035
fBin__530,0.1208163229013383,0.1208163229013383
fBin__537,0.06805933572179085,0.06805933572179085
fBin__605,0.09067953882001076,0.09067953882001076
