,Age & BMI,"Sleep Quality
(average of nights)"
fBin__102,0.025144412775421753,0.025144412775421753
fBin__270,0.0799866261601282,0.0799866261601282
