,"Age, BMI & VAT","Sleep Quality
(average of nights)"
fBin__504,0.18472923369749333,0.1847292336974936
fBin__257,0.19346734305097274,0.19346734305097296
fBin__461,0.07224135165591505,0.0722413516559152
fBin__104,0.08102410465502216,0.08102410465502216
fBin__537,0.11341888595150755,0.11341888595150755
fBin__598,0.1140137447016684,0.1140137447016684
