,Age & BMI,"Sleep Quality
(average of nights)"
fBin__270,0.0783158738249599,0.0783158738249599
