,Age & BMI,Hematopoietic system
saturation_max_value,0.1849698550590144,0.2555568553472227
total_rem_sleep_time,0.031928381260581354,0.06449019858999144
total_deep_sleep_time,0.10855856974653465,0.12836619534641555
snore_above_60db,0.12806999757420365,0.14658771610518379
time_to_transition_wake_to_nrem,0.0133101876230121,0.02524604228826905
total_supine_sleep_time,0.0837687290504129,0.09162637213358915
saturation_mean,0.5615375388024374,0.5666836963480915
