,Age & BMI,Hematopoietic system
saturation_max_value,0.11007425847725119,0.2221113645019668
time_to_transition_nrem_to_rem,0.02491373421934745,0.0545967380403357
percent_of_prone_sleep,0.007389918720294051,0.03436883370490465
time_to_transition_rem_to_nrem,0.08776038780168145,0.10703820747163875
number_of_transitions_wake_to_rem,0.02049384500474925,0.03951111929901815
total_rem_sleep_time,0.019188040761013353,0.03607076904711775
time_to_transition_rem_to_wake,0.03319475725458505,0.049980404980208906
saturation_mean,0.4433567563830711,0.4590048294213161
