,Age & BMI,"HRV
(average of nights)"
bt__platelets,0.14879952217267117,0.20080273796789194
bt__ast_got,0.034743642240456646,0.07491874544772785
liver_sound_speed,0.45104086204485205,0.4541912334614957
