,"Age, BMI & VAT","Sleep Quality
(average of nights)"
liver_sound_speed,0.5167195660418812,0.5169250969885952
bt__platelets,0.17307309327524806,0.18481714910079636
