,Age & BMI,"Sleep Quality
(average of nights)"
bt__alkaline_phosphatase,0.36878729973884294,0.3712423989062677
bt__alt_gpt,0.24615037939421763,0.2509675306647762
