,Age & BMI,Gut MB families
total_valid_apnea_sleep_time,0.01866548845045375,0.07671235958903361
total_valid_apnea_central_sleep_time,0.0189594148469413,0.06976462243821441
total_rem_sleep_time,0.00130483471910075,0.04328172374944985
total_left_sleep_time,0.02621600597623705,0.06534253597950099
percent_of_left_sleep,0.0285333125023238,0.0597649656487812
number_of_transitions_rem_to_wake,0.0009630405256395001,0.02660637316382905
number_of_transitions_nrem_to_rem,0.0432941622664916,0.0622692466008538
