,Age & BMI,Renal function
total_right_sleep_time,0.0822422905061958,0.0959467768565489
percent_of_right_sleep,0.0821909014286135,0.0940894809239387
time_to_transition_wake_to_nrem,0.16095348338860255,0.16705926468801013
total_light_sleep_time,0.13508554063524303,0.13590077673463885
