,Age & BMI,"Sleep Quality
(average of nights)"
bt__creatinine,-0.03823909343679835,-0.0382390934367983
bt__sodium,-0.0395069328039829,-0.03834612232624235
bt__potassium,-0.038318532094752944,-0.038318532094752944
bt__urea,0.11371507463391925,0.1014134088944894
