,Age & BMI,"Sleep Quality
(average of nights)"
bt__creatinine,0.014224056272849221,0.014224056272849239
bt__sodium,0.01431217210802344,0.014005776950784053
bt__potassium,0.012767013537510766,0.012767013537510766
bt__urea,0.005064871805805849,0.008392717598900883
