,Age & BMI,"Sleep Quality
(average of nights)"
bt__creatinine,0.014578204986757238,0.014578204986757244
bt__sodium,0.00371443301814583,0.00441634122502391
bt__potassium,0.015290888743533113,0.015290888743533113
bt__urea,0.0031747792175420256,0.006567266307666943
