,"Age, BMI & VAT",Mental health
clinical_OSA,0.5028571428571429,0.5150156298843389
