,"Age, BMI & VAT",Mental health
clinical_OSA,0.4997585707387735,0.4987928536938677
