,"Age, BMI & VAT",Mental health
clinical_OSA,0.0001316954065809397,0.0026429753496746695
