,"Age, BMI & VAT",Mental health
clinical_OSA,0.00047507714516390565,0.003956884518504971
