,Age & BMI,"HRV
(average of nights)"
Thyroidhormones,0.01170583456109496,0.01170583456109496
