,"Age, BMI & VAT",Blood lipids
number_of_transitions_nrem_to_rem,0.00731463104962805,0.06561124426864595
number_of_transitions_rem_to_nrem,0.0078895533611134,0.050318760910121704
total_right_sleep_time,0.0466874328340013,0.08400407799211304
total_wake_time_after_sleep_onset,0.1038209279668239,0.13009832127148005
total_wake_time,0.0961609981045693,0.11842733316976295
total_valid_apnea_sleep_time,0.025399155896533403,0.0432357820897283
total_supine_sleep_time,0.0562016901170544,0.06958980076554386
number_of_transitions_wake_to_nrem,0.21607653305026556,0.2265935886550723
number_of_wakes,0.1937490868619292,0.2007842181325829
