,"Age, BMI & VAT",Blood lipids
rem_latency,0.06412581918595275,0.09307204459610735
time_to_transition_nrem_to_rem,0.041984332094662,0.0652750607157827
saturation_mean,0.4439774113810485,0.445723125285744
