,Age & BMI,"HRV
(average of nights)"
bt__creatinine,0.07286687871408931,0.06171316429027435
bt__sodium,0.16518064923352155,0.10378765125406045
bt__potassium,0.13922268322797676,0.07165584876849801
bt__urea,0.17390005122601895,0.08285401610884449
