,Age & BMI,"HRV
(average of nights)"
bt__urea,0.0509497316684728,0.0888617973080233
