,Age & BMI,"HRV
(average of nights)"
bt__creatinine,0.06899101898606094,0.057885621799050255
bt__sodium,-0.01534398242701625,-0.00266930043657575
bt__potassium,0.0424583459773274,0.00079470022412715
bt__urea,0.0509497316684728,0.0888617973080233
