,"Age, BMI & VAT","Sleep Quality
(average of nights)"
work_satisfaction,0.17154060134665772,0.176713019964508
tired_or_little_energy_fortnight,0.12061386561266044,0.1206138656126606
fidgety_or_restless_fortnight,0.176415363703644,0.17641536370364402
