,Age & BMI,"Sleep Quality
(average of nights)"
rds_score,0.1711646238616189,0.17525367477680653
fidgety_or_restless_fortnight,0.15230547558861623,0.1523054755886164
tired_or_little_energy_fortnight,0.1370702520449496,0.1370702520449496
