,Age & BMI,"Sleep Quality
(average of nights)"
little_interest_or_pleasure_fortnight,0.036861058258133794,0.036861058258133794
work_satisfaction,0.15616414129049075,0.16157746025816727
