,"Age, BMI & VAT",Gut MB families
clinical_OSA,0.4997175141242937,0.5099973255775081
