,"Age, BMI & VAT",Gut MB families
clinical_OSA,0.4997443762781186,0.5163081463073698
