,"Age, BMI & VAT",Gut MB families
clinical_OSA,0.00010783540067362641,0.010506844058876615
