,"Age, BMI & VAT",Gut MB families
clinical_OSA,0.00021543741428635413,0.008916197359757131
