,"Age, BMI & VAT",Liver health
total_prone_sleep_time,0.016902914842415802,0.0537108290646016
percent_of_prone_sleep,0.01601735459046265,0.04853744471332245
number_of_wakes,0.09936770285487055,0.11348050458492855
number_of_transitions_wake_to_rem,0.0512215400115141,0.0630546480318617
