,"Age, BMI & VAT",Liver health
total_prone_sleep_time,0.00252663972541935,0.02198186421577055
total_rem_sleep_time,0.036657548577465754,0.05354738323258115
time_to_transition_nrem_to_rem,0.00489787267727705,0.02064634410472465
rem_latency,0.0446709405100388,0.052790340809245995
number_of_transitions_nrem_to_wake,0.16645432095782675,0.17281333490197476
