,Age & BMI,"Sleep Quality
(average of nights)"
bt__basophils_%,0.0149403515725723,0.0545605355733828
bt__eosinophils_%,0.0096733533564387,0.047676621179669545
bt__eosinophils_abs,0.0181713676760233,0.05410443568229455
bt__basophils_abs,0.051897757308353096,0.08631273786704116
bt__neutrophils_%,0.011644344732109749,0.0448199935971061
bt__monocytes_%,0.00858898289295765,0.0359829589377482
bt__lymphocytes_%,0.04389485802932285,0.052694357005231104
