,Age & BMI,"Sleep Quality
(average of nights)"
bt__basophils_%,0.011915758420619399,0.0909101698147598
bt__basophils_abs,0.018090414765879498,0.046804534390078645
bt__eosinophils_abs,0.0064719678020168005,0.02180868032343935
