,Age & BMI,"Sleep Quality
(average of nights)"
bt__wbc,0.2736167120848696,0.28607874752945184
bt__neutrophils_%,0.0838343231006782,0.09425820254125505
bt__neutrophils_abs,0.22146988517074578,0.23144404994924395
bt__lymphocytes_%,0.10959968225947135,0.11900892518432366
