,"Age, BMI & VAT","Sleep Quality
(average of nights)"
bt__wbc,0.2989823118843111,0.30069682637844297
bt__lymphocytes_abs,0.21792849397236255,0.21792849397236255
