,Age & BMI,"Sleep Quality
(average of nights)"
bt__neutrophils_%,0.16401697377808105,0.17429834954204415
bt__lymphocytes_%,0.14884040647440544,0.15262621021185097
bt__monocytes_%,0.136207816431006,0.1362078222638597
