,"Age, BMI & VAT",Insulin resistance
saturation_max_value,0.13578966052639124,0.21498739603367575
total_left_sleep_time,0.08028123070058499,0.1041344391890485
time_to_transition_nrem_to_rem,0.00725828398120005,0.0220257342934258
