,Age & BMI,Insulin resistance
saturation_max_value,0.1503112176215733,0.21303183450224084
snore_above_60db,0.10989058952438341,0.14716225806693783
time_to_transition_nrem_to_rem,0.025578815558596,0.04733347394172515
total_arousal_sleep_time,0.01574617557229335,0.02441457850966305
total_sleep_time,0.01591291796560875,0.02388331995850325
