,"Age, BMI & VAT",Body Composition
number_of_transitions_rem_to_nrem,0.0280731024030784,0.07200780525143455
percent_of_left_sleep,0.04163756803555025,0.07683088141451636
total_left_sleep_time,0.0521455410456796,0.0847846178506885
number_of_transitions_nrem_to_rem,0.01927034039386865,0.0391300173846277
