,"Age, BMI & VAT",Body Composition
clinical_OSA,0.4997593840230991,0.4997593840230991
