,"Age, BMI & VAT",Body Composition
clinical_OSA,0.5028571428571429,0.5025790621592148
