,"Age, BMI & VAT",Body Composition
clinical_OSA,0.00010880786327063235,0.001981058537932035
