,"Age, BMI & VAT",Body Composition
clinical_OSA,0.00020726179616217322,0.0029706172077710803
