,Age & BMI,"HRV
(average of nights)"
bt__mch,0.18482971420075384,0.20452772746127884
bt__mcv,0.212054893381322,0.23072481203679865
bt__hemoglobin,0.1890464670556695,0.1890464679737248
