,"Age, BMI & VAT",Cardiovascular system
clinical_OSA,0.4997586872586873,0.5090317835046752
