,"Age, BMI & VAT",Cardiovascular system
clinical_OSA,0.5028571428571429,0.5124121779859485
