,"Age, BMI & VAT",Cardiovascular system
clinical_OSA,0.000422570200071107,0.005058305651583123
