,"Age, BMI & VAT",Cardiovascular system
clinical_OSA,0.00010725557905478146,0.007399943963904938
