,"Age, BMI & VAT",Bone Density
clinical_OSA,0.4997597308986064,0.5029005980674258
