,"Age, BMI & VAT",Bone Density
clinical_OSA,0.5028409090909091,0.5115444776931447
