,"Age, BMI & VAT",Bone Density
clinical_OSA,0.0003524177373542374,0.0040567934569607
