,"Age, BMI & VAT",Bone Density
clinical_OSA,0.00011900141294267023,0.004215792975565111
