,Age & BMI,"Sleep Quality
(average of nights)"
snoring_yes,0.07478533088494285,0.15899703469301651
walking_10min_days_a_week,0.0955831829423794,0.1288681217750515
vigorous_activity_minutes,0.1345742702122841,0.1597164807345404
work_days_a_week,0.1294057640761902,0.1499104581669861
physical_activity_maderate_days_a_week,0.1369877120034919,0.1468069734402045
walking_minutes_day,0.084057111012239,0.0905235360843416
snoring_no,0.01834528586454085,0.022198068652248097
work_hours,0.20631447272975229,0.2099680742408505
