,Age & BMI,"Sleep Quality
(average of nights)"
snoring_no,0.21425238167021485,0.23427456563713078
hours_watching_tv,0.13389937703515845,0.14673614051421124
walking_10min_days_a_week,0.1491521661862038,0.15932921571604358
physical_activity_maderate_days_a_week,0.18427336709459774,0.1927221915645865
snoring_yes,0.13631639230387121,0.13631639230387133
