,"Age, BMI & VAT","Sleep Quality
(average of nights)"
walking_10min_days_a_week,0.1874515681073194,0.20184343215913259
hours_watching_tv,0.1548385913444303,0.16686172175919628
snoring_no,0.227687425769454,0.23009576177558
usual_walking_pace_Fast,0.20707961842692785,0.20707961842692785
