,Age & BMI,"HRV
(measured during sleep)"
vigorous_activity_minutes,0.14394668720637271,0.2247443630399127
physical_activity_maderate_days_a_week,0.1842733670945978,0.2220398391226402
walking_10min_days_a_week,0.14915216618620375,0.16699980965645356
work_hours,0.2273958382140489,0.23618202446920072
moderate_activity_minutes,0.12453508207930905,0.129693684727486
usual_walking_pace_Fast,0.1985947602947038,0.1985947602947038
snoring_no,0.21425238167021485,0.21425238167021485
snoring_yes,0.13631639230387121,0.13631639230387121
