,"Age, BMI & VAT",Renal function
percent_of_left_sleep,0.0211545959727081,0.0625198035565167
total_left_sleep_time,0.035460028979458144,0.0710267944828535
total_right_sleep_time,0.06802790468712255,0.09346655209783206
percent_of_right_sleep,0.0783062353812964,0.1003813739253273
total_supine_sleep_time,0.06634941935404426,0.08425259558190375
total_light_sleep_time,0.0537794398344629,0.0683798467868948
number_of_transitions_rem_to_nrem,0.02407624639975605,0.0373169062551412
ahi_central_during_nrem,0.09529917841124466,0.10472863081157785
percent_of_prone_sleep,0.027736096918987152,0.035442102898093894
