,"Age, BMI & VAT",Renal function
number_of_transitions_wake_to_rem,0.014563539191062149,0.0293829972446394
percent_of_right_sleep,0.054769105682748995,0.0605447005368744
