,Age & BMI,Mental health
percent_of_deep_sleep_time,0.22158074559529461,0.23316127211981308
total_light_sleep_time,0.13647388993237694,0.14557792490148366
total_time_in_bed,0.07459547081322335,0.0833486710637797
total_sleep_time,0.0807204403077601,0.08705343733015805
total_arousal_sleep_time,0.0805274089644789,0.08642712265544114
total_deep_sleep_time,0.2180877851104616,0.2238874296671088
total_valid_apnea_central_sleep_time,0.0880240056276381,0.09294914973833099
desaturations_above_20,0.13252305880156706,0.13252305880156715
