,"Age, BMI & VAT",Diet
clinical_OSA,0.4997559785261103,0.5159670392457951
