,"Age, BMI & VAT",Diet
clinical_OSA,0.5029411764705882,0.5370411568409343
