,"Age, BMI & VAT",Diet
clinical_OSA,0.00018844019109538114,0.010937476036246086
