,"Age, BMI & VAT",Diet
clinical_OSA,7.779374469922659e-05,0.011054610823228785
