,"Age, BMI & VAT",Frailty
time_to_transition_nrem_to_rem,0.01438307618562805,0.0378258275735577
number_of_transitions_wake_to_rem,0.05633635401646665,0.0754268594265237
percent_of_left_sleep,0.0382895747765418,0.048429645466482346
total_left_sleep_time,0.05003448865280985,0.0601681695324916
number_of_transitions_rem_to_wake,0.0059358981473901,0.0160314351909068
total_light_sleep_time,0.08451576090101229,0.0928352757526503
