,"Age, BMI & VAT",Bone Density
total_valid_apnea_sleep_time,0.0157361021743458,0.036625456427196154
time_to_transition_nrem_to_wake,0.12094679620750551,0.137051044383995
total_non_supine_sleep_time,0.13286398409978756,0.13863099048533375
