,"Age, BMI & VAT",Liver health
clinical_OSA,0.4997317596566523,0.4994635193133047
