,"Age, BMI & VAT",Liver health
clinical_OSA,0.5030864197530864,0.5052713971984806
