,"Age, BMI & VAT",Liver health
clinical_OSA,0.0001665049124954017,0.0002782362792867889
