,"Age, BMI & VAT",Liver health
clinical_OSA,0.00023322592217043248,0.0025599699382187974
