,Age & BMI,"HRV
(average of nights)"
bt__mch,0.14918073524111797,0.16792652421658544
