,Age & BMI,"Sleep Quality
(average of nights)"
hand_grip_left,0.17481043660330764,0.18561259342302988
hand_grip_right,0.22273328709592216,0.22778630249051485
body_comp_arm_right_lean_mass,0.4729730673606434,0.4741341018805708
