,"Age, BMI & VAT","Sleep Quality
(average of nights)"
body_comp_leg_right_lean_mass,0.638214444530282,0.636815901373875
body_comp_arm_right_lean_mass,0.46409069372989953,0.4665074425485425
body_comp_arm_left_lean_mass,0.48656048834155585,0.4883399893287168
body_comp_leg_left_lean_mass,0.6281687069060957,0.6265082785996056
height,0.19071001098152401,0.19517359545521729
hand_grip_left,0.17392635001448353,0.18405615272833464
hand_grip_right,0.22976116935068114,0.23834950186715598
