,Age & BMI,"Sleep Quality
(average of nights)"
body_comp_leg_right_lean_mass,0.6293466149119806,0.6271089835513184
body_comp_arm_right_lean_mass,0.4729730673606434,0.4741341018805708
body_comp_arm_left_lean_mass,0.4953626010365567,0.49530765542641036
body_comp_leg_left_lean_mass,0.6187444575478716,0.6167553849233919
height,0.17629343759309968,0.1788481660045114
hand_grip_left,0.17481043660330764,0.18561259342302988
hand_grip_right,0.22273328709592216,0.22778630249051485
