,Age & BMI,"Sleep Quality
(average of nights)"
body_comp_leg_right_lean_mass,0.6313030844390821,0.6365729382585001
body_comp_arm_right_lean_mass,0.3929352589517219,0.40781890205652355
body_comp_arm_left_lean_mass,0.4232278529247103,0.4408600533251577
body_comp_leg_left_lean_mass,0.6242977306568429,0.6277711917144964
height,0.1498769306924718,0.14458397487961488
hand_grip_left,0.2240648487583679,0.24495680254924374
hand_grip_right,0.22297515686597716,0.23109385277812816
