,Age & BMI,"Sleep Quality
(average of nights)"
body_comp_leg_right_lean_mass,0.0004918954515598116,0.0013359497312807635
body_comp_arm_right_lean_mass,0.0011698041215318505,0.0033056945449737407
body_comp_arm_left_lean_mass,0.0010948156037612377,0.0023338112774429114
body_comp_leg_left_lean_mass,0.00045768105881315653,0.0013682029354000712
height,0.0027132370771751593,0.0056906165766678445
hand_grip_left,0.00189183898392799,0.0048703856987159
hand_grip_right,0.0017696581616204713,0.00547185573317502
