,Age & BMI,"Sleep Quality
(average of nights)"
body_comp_leg_right_lean_mass,0.0004937859776099103,0.0010849782857377012
body_comp_arm_right_lean_mass,0.0008146706062757039,0.0029991040559815274
body_comp_arm_left_lean_mass,0.0007409249984375595,0.0016662610571898375
body_comp_leg_left_lean_mass,0.0005251910456893816,0.0012324533868135674
height,0.0021781674235725264,0.007382826280257171
hand_grip_left,0.0025062228597122686,0.006752339069065936
hand_grip_right,0.0017229001132403074,0.005373631189003903
