,"Age, BMI & VAT",Immune system
saturation_max_value,0.09307418703267464,0.16116857561085352
time_to_transition_wake_to_rem,0.0270687684157316,0.0529666779165267
total_wake_time,0.04239370096539205,0.05283604346540395
percent_of_left_sleep,0.04622833923903845,0.0553085316154915
