,Age & BMI,Immune system
saturation_max_value,0.17854751058861004,0.23264873005584424
time_to_transition_rem_to_wake,0.040304264798821,0.08122481958332206
number_of_transitions_nrem_to_rem,0.020126994879815452,0.035986721219627454
total_rem_sleep_time,0.022259236991631848,0.03540612405550875
odi_during_non_supine,0.44041046400865275,0.44391468073238544
