,Age & BMI,Immune system
saturation_max_value,0.11133791106450244,0.18647560644771044
percent_of_left_sleep,0.0445141307337801,0.0735219302131262
time_to_transition_wake_to_rem,0.028189158787927,0.05428885718423705
time_to_transition_nrem_to_rem,0.01764692685036085,0.03821095117932955
number_of_transitions_nrem_to_rem,0.0370826015836727,0.051846936301170904
total_left_sleep_time,0.0466830422603873,0.05784550887277925
total_rem_sleep_time,0.02683733527335555,0.03641332792915255
