,Age & BMI,"HRV at baseline
"
Atopicdermatitis,0.5,0.5072209799030991
Hypertension,0.5336847588403502,0.5404632196942978
Allergy,0.5,0.5065339101091976
Hyperlipidemia,0.536396299977066,0.5411130647504013
Hearingloss,0.5,0.5046217334195925
COVID19,0.5,0.501562222616723
AttentionDeficitDisorderADHD,0.5,0.501200775619432
Anemia,0.5,0.5
BasalCellCarcinoma,0.5,0.5
Depression,0.5,0.5
G6PD,0.5,0.5
Gallstonedisease,0.5,0.5
Headache,0.5,0.5
Oralaphthae,0.5,0.5
PepticDis,0.5,0.5
Vitiligo,0.5,0.5
