,Age & BMI,"HRV at baseline
"
Anxiety,0.5,0.5101287959352475
Hyperlipidemia,0.5035334615182313,0.5114057285791931
Osteoporosis,0.5,0.5075757575757576
Prediabetes,0.5,0.5043809188508392
Asthma,0.5,0.5033452640768223
AttentionDeficitDisorderADHD,0.5,0.5027307692307692
Urinarytractinfection,0.5,0.5020051246950631
Hypothyroidism,0.5,0.5011894423830953
G6PD,0.5,0.5
IrritableBowelSyndromeIBS,0.5,0.5
PepticDis,0.5,0.5
Urinarytractstones,0.5,0.5
