,"Age, BMI & VAT",Renal function
clinical_OSA,0.503303057593463,0.503303057593463
