,"Age, BMI & VAT",Renal function
clinical_OSA,0.00016473756967560262,0.00020410180458320886
