,"Age, BMI & VAT",Renal function
clinical_OSA,0.0013472731810602856,0.002276833714671733
