,Age & BMI,"Sleep Quality
(average of nights)"
body_comp_leg_right_lean_mass,0.6304693484976602,0.5852774507451055
body_comp_arm_right_lean_mass,0.3986461133479451,0.34579055109518475
body_comp_arm_left_lean_mass,0.4119441930611907,0.3643705034249482
body_comp_leg_left_lean_mass,0.6207245843779501,0.5730976548815414
height,0.1371231157269088,0.07664835338472165
hand_grip_left,0.2098874662440658,0.1549332881627608
hand_grip_right,0.22237043401568715,0.16305577069478494
