,Age & BMI,"Sleep Quality
(average of nights)"
body_comp_leg_right_lean_mass,0.6136625067965077,0.5648153624810521
body_comp_arm_right_lean_mass,0.4410704104729543,0.37106625131489424
body_comp_arm_left_lean_mass,0.4702413554093886,0.4043778028645243
body_comp_leg_left_lean_mass,0.6067400327117609,0.558667058592446
height,0.1305083617438696,0.08743500090890476
hand_grip_left,0.1373262973028716,0.11711806299362545
hand_grip_right,0.20166549334910977,0.15849417203332225
