,"Age, BMI & VAT","Sleep Quality
(average of nights)"
body_comp_leg_right_lean_mass,0.0026659977965087524,0.005732838677453687
body_comp_arm_right_lean_mass,0.005209854889479048,0.008287283980087249
body_comp_arm_left_lean_mass,0.0042355809964703455,0.0078462311692802
body_comp_leg_left_lean_mass,0.0028313790021180733,0.00572242571239741
height,0.0077060647489972075,0.012391950755530614
hand_grip_left,0.011694887326048049,0.010823838727637635
hand_grip_right,0.0066757888247393595,0.011890242477465738
