,Age & BMI,"HRV
(average of nights)"
body_comp_total_diff_total_mass,0.042958328019135045,0.05516526102907925
body_comp_legs_diff_lean_mass,0.0065639429591633994,0.0177896589389357
body_comp_total_diff_tissue_mass,0.0438866743730369,0.0544803949965725
body_comp_legs_diff_fat_free_mass,0.00536635657543485,0.01521163897862535
