,Age & BMI,"HRV
(average of nights)"
bt__neutrophils_%,0.16401697377808105,0.1704544060820779
bt__wbc,0.2617909317612437,0.26466147462406386
bt__neutrophils_abs,0.23412708109463987,0.23518449990205487
bt__lymphocytes_abs,0.20570698138981935,0.20570698138981935
