,Age & BMI,"HRV
(measured during sleep)"
bt__wbc,0.2736167120848696,0.29217793918028395
bt__neutrophils_abs,0.22146988517074578,0.23755624300603145
bt__lymphocytes_abs,0.22710456704680634,0.22710456704680634
