,"Age, BMI & VAT","Sleep Quality
(average of nights)"
bt__hct,0.217843225124975,0.24729231494680995
bt__rbc,0.23120480859369874,0.2312048085936986
bt__ferritin,0.1670626732863782,0.18156677674518595
bt__rdw,0.0923345109950578,0.09233451099505766
bt__mcv,0.25008834195754837,0.2620229428812161
bt__mchc,-0.03500942659068825,0.03692691663845725
bt__hemoglobin,0.21966327486659543,0.2529776639810894
bt__mch,0.15321180121636155,0.1923617614395588
