,Age & BMI,"Sleep Quality
(average of nights)"
bt__hct,0.004390897865594062,0.0049304781605831035
bt__rbc,0.015973169854371833,0.015973169854371833
bt__ferritin,0.005299139351601629,0.014284814040080848
bt__rdw,0.01599999907594656,0.01599999907594656
bt__mcv,0.003101803415864127,0.0044759328781666325
bt__mchc,0.013834179864454899,0.022424260584211743
bt__hemoglobin,0.010636138335568339,0.005886086172729684
bt__mch,0.007695918340536722,0.00790532838422166
