,Age & BMI,"Sleep Quality
(average of nights)"
bt__hct,0.0022567989471872327,0.0029106554848073386
bt__rbc,0.04079417060074313,0.04079417060074313
bt__ferritin,0.0036133412172182438,0.006184606086967042
bt__rdw,0.016214181021578764,0.01620471158522319
bt__mcv,0.0020227328135156877,0.0029810628744407243
bt__mchc,0.012075125968062912,0.01969444720562579
bt__hemoglobin,0.009572926295952149,0.002504541027670952
bt__mch,0.0027241207758725455,0.0038154116623682678
