,"Age, BMI & VAT",Frailty
clinical_OSA,0.4997597308986064,0.4997597308986064
