,"Age, BMI & VAT",Frailty
clinical_OSA,0.5028409090909091,0.5047296963102187
