,"Age, BMI & VAT",Frailty
clinical_OSA,0.00011900141294267023,0.0008710618899279762
