,"Age, BMI & VAT",Frailty
clinical_OSA,0.0003524177373542374,0.0009971599408685645
