,Age & BMI,"HRV
(average of nights)"
nerves_anxiety_tension_depression_doctor,0.01321767446515325,0.09716892453633695
nerves_anxiety_tension_depression_psychiatrist,0.01496625779579005,0.08785453831437115
family_relationship_satisfaction,0.012046088634981949,0.042244302526105004
depressed_whole_week,0.013524093552751599,0.0363383523635458
irritablilty_leading_to_argumens,0.0041138289327207,0.0179783282271903
