,Age & BMI,"HRV
(average of nights)"
feeling_lonley_often,0.0015593040049202,0.07554631250296805
miserable_no_reason,0.05776145943127415,0.09228223319212545
high_irritable_longest_period_duration,0.0054399256630534,0.026101307474169402
happiness_level,0.00677755406237795,0.02048863415269055
worrier,0.005300478877887951,0.016651146311526747
