,"Age, BMI & VAT",Hematopoietic system
clinical_OSA,0.5026229229285999,0.5026229229285999
