,"Age, BMI & VAT",Hematopoietic system
clinical_OSA,0.0005778302469257962,0.0017877224955715667
