,"Age, BMI & VAT",Hematopoietic system
clinical_OSA,0.0001367432028347252,0.0009304150993684035
