,"Age, BMI & VAT",Bone Density
time_to_transition_wake_to_rem,0.0455357880935673,0.0950641895967064
time_to_transition_nrem_to_rem,0.01438307618562805,0.039160502706654304
total_prone_sleep_time,0.0111768969775142,0.03369610071533835
saturation_max_value,0.0852022670766488,0.10726433153151205
percent_of_left_sleep,0.03828957477654185,0.0599500530908612
percent_of_prone_sleep,0.01624384061607715,0.0328786387051758
number_of_transitions_rem_to_wake,0.0059358981473901,0.02081073977965225
