,Age & BMI,Bone Density
total_arousal_sleep_time,0.01751830146257845,0.0446254864986646
total_valid_apnea_central_sleep_time,0.0460317480212403,0.0712194220586199
total_sleep_time,0.0190906363978827,0.040307126338625196
rem_latency,0.03204672256200815,0.047461630626929305
time_to_transition_nrem_to_rem,0.046105988891633254,0.05485777873218885
total_time_in_bed,0.03355735832875955,0.0382067207478648
