,Age & BMI,"HRV
(measured during sleep)"
fBin__262,0.01994798486889105,0.11678475892612611
fBin__257,0.0667399925668497,0.14809002478984862
fBin__263,0.0743348031175318,0.13885045339675264
