,Age & BMI,"HRV
(measured during sleep)"
fBin__262,0.0630503789420537,0.1395743784707426
fBin__530,0.08300554845885336,0.14828690615816736
fBin__257,0.12647008307361335,0.17589105120420945
fBin__263,0.1053481223392798,0.1406785013701003
fBin__504,0.1358716653901618,0.13954168939561154
fBin__503,0.07525058327593906,0.07525058327593906
fBin__598,0.0924961120985084,0.0924961120985084
