,Age & BMI,"HRV
(average of nights)"
fBin__262,0.019946993224628548,0.11414246504134459
fBin__257,0.06673999256684959,0.14526877578044844
fBin__263,0.0743348031175317,0.13869146458240894
