,Age & BMI,"Sleep Quality
(average of nights)"
body_comp_arms_diff_fat_mass,0.0092518021369274,0.0499260747072158
body_comp_trunk_diff_total_mass,0.036013402876485454,0.0609213500559787
body_comp_arms_diff_bone_mass,0.04069537982105285,0.0610884266053911
body_comp_trunk_diff_tissue_mass,0.038573494521010554,0.056614587748179346
body_comp_arms_diff_tissue_mass,0.0380312501691991,0.0543735929729153
body_comp_arms_diff_total_mass,0.038285975349638804,0.0526346612963772
body_comp_arm_left_bone_mass,0.11243650242098424,0.12614101175144504
total_scan_vat_area,0.7776686113091602,0.7827073976948563
total_scan_vat_volume,0.7646398577032105,0.7692481350400941
total_scan_vat_mass,0.764639857650891,0.7692481349412956
