,"Age, BMI & VAT","Sleep Quality
(average of nights)"
body_comp_trunk_diff_fat_free_mass,0.01011949524980265,0.0443465250379777
body_comp_trunk_diff_lean_mass,0.00860083626264385,0.042365774303367396
body_comp_arms_diff_fat_free_mass,0.0619668455602201,0.07373656422943105
body_comp_arms_diff_lean_mass,0.0586730812816333,0.0700506953981608
body_comp_arms_diff_bone_mass,0.04519955078312545,0.05416556987752005
body_comp_trunk_diff_tissue_mass,0.0474321343635088,0.054818377482071745
body_comp_trunk_diff_total_mass,0.044684282848847345,0.05178131362597995
