,Age & BMI,"HRV at baseline
"
Hearing loss,0.5,0.5091233899900018
Atopic dermatitis,0.5,0.5075757575757576
Hypertension,0.5336847588403502,0.5404632196942978
Allergy,0.5,0.5064451604658098
Hyperlipidemia,0.536396299977066,0.5401638508778636
COVID-19,0.5,0.5024883129179241
Basal Cell Carcinoma,0.5,0.5
G6PD,0.5,0.5
Gallstone disease,0.5,0.5
Headache,0.5,0.5
Irritable Bowel Syndrome (IBS),0.5,0.5
Vitiligo,0.5,0.5
