,Age & BMI,"HRV at baseline
"
Sleep Apnea,0.5,0.5263157894736842
Osteoporosis,0.5,0.5073629916183108
Anxiety,0.5,0.5050643979676237
Hyperlipidemia,0.5035334615182313,0.5084789050126529
Asthma,0.5,0.5035635093845483
Anemia,0.5,0.5021408310200238
Prediabetes,0.5,0.5016220192253287
Attention Deficit Disorder (ADHD),0.5,0.5014038461538461
Urinary tract infection,0.5,0.5008742255918848
G6PD,0.5,0.5
Heart valve disease,0.5,0.5
Oral aphthae,0.5,0.5
