,Age & BMI,"Sleep Quality
(average of nights)"
feeling_lonley_often,0.0015593040049202,0.04725673993596105
high_irritable_state,0.02929371420464185,0.07382713120798234
high_irritable_longest_period_duration,0.0054399256630534,0.03894422901527905
mood_swings,0.04992041530175445,0.07341532634852474
troubled_by_guilt,0.010602780710307999,0.026894498089046398
nervous_person,0.02611351378708365,0.034425634959439746
