,Age & BMI,"Sleep Quality
(average of nights)"
nerves_anxiety_tension_depression_doctor,0.01321767446515325,0.06204776686518565
tense_or_highly_strung,0.03459570550781965,0.0589400189345705
nerves_anxiety_tension_depression_psychiatrist,0.01496625779579005,0.03645154881243205
feeling_lonley_often,0.06087462067794335,0.07005295802897055
family_relationship_satisfaction,0.0120460886349819,0.020919258701188652
