,"Age, BMI & VAT","Sleep Quality
(average of nights)"
nerves_anxiety_tension_depression_psychiatrist,0.01934113628557255,0.057446850745772896
friendships_satisfaction,0.0005513843098647,0.015430507217746251
tense_or_highly_strung,0.06965412932759396,0.08172221041799599
irritablilty_leading_to_argumens,0.00521886799364565,0.0167649377176473
nervous_person,0.011099155113595799,0.0225944759594901
