,"Age, BMI & VAT","Sleep Quality
(average of nights)"
nerves_anxiety_tension_depression_psychiatrist,0.012391076538255351,0.10510287265781695
mood_swings,0.0469467328225678,0.06253833145079771
nervous_person,0.0378201121904058,0.051659590508494904
risks_taker,0.0053216504858725495,0.018470236856396448
