,Age & BMI,Gut MB metabolic pathways
sleep_latency,0.0237713665297806,0.044782268967688346
sleep_efficiency,0.08839409923998125,0.1081011208565287
percent_of_wake_time,0.10027890647134804,0.1117052773059966
percent_of_sleep_time,0.10027890647134904,0.1117052773059969
number_of_transitions_nrem_to_wake,0.16434221064814086,0.1708404202737081
total_right_sleep_time,0.07784272658538774,0.08220654615761114
number_of_transitions_wake_to_nrem,0.17845402444688296,0.18089073256098148
saturation_mean,0.46263960197251114,0.4626870258090696
