,"Age, BMI & VAT",Immune system
clinical_OSA,0.4997248211337369,0.4997248211337369
