,"Age, BMI & VAT",Immune system
clinical_OSA,0.502737255466513,0.5025812978869747
