,"Age, BMI & VAT",Immune system
clinical_OSA,0.00011461105226130186,0.00017580532883874252
