,"Age, BMI & VAT",Immune system
clinical_OSA,0.00026920608621324403,0.00037408594353116874
