,Age & BMI,"HRV
(average of nights)"
bt__creatinine,0.014578204986757238,0.014578204986757238
bt__sodium,0.00371443301814583,0.003974247386464491
bt__potassium,0.015290888743533113,0.015290888743533113
bt__urea,0.0031747792175420256,0.007561100295573053
