,Age & BMI,"HRV
(average of nights)"
bt__creatinine,0.014224056272849239,0.014224056272849221
bt__sodium,0.01431217210802344,0.01400577695078402
bt__potassium,0.012767013537510743,0.012767013537510766
bt__urea,0.005064871805805853,0.021597826025266834
