,"Age, BMI & VAT","Sleep Quality
(average of nights)"
bt__hct,0.17225561536396505,0.13721664611565476
bt__rbc,0.25923627729991916,0.20511393334320815
bt__ferritin,0.0878926766104139,0.07598716337091099
bt__rdw,0.07523946656214535,0.0279199197250797
bt__mcv,0.20543160461833254,0.16293480904489288
bt__mchc,0.04460857422401415,0.0265333600183846
bt__hemoglobin,0.18452171055605066,0.16002942043562984
bt__mch,0.1026749775007537,0.08364839270850115
