,"Age, BMI & VAT","Sleep Quality
(average of nights)"
bt__hct,0.24269055814158974,0.21390430928997173
bt__rbc,0.30962889052044307,0.256953047787579
bt__ferritin,0.19196612191567508,0.14440284475649928
bt__rdw,0.10395779793737325,0.06200012544776215
bt__mcv,0.19686394417487652,0.1745505437229961
bt__mchc,-0.0319189670953437,0.1035021177252766
bt__hemoglobin,0.20326336119202654,0.1955020466946736
bt__mch,0.16639652263268861,0.1625256454923521
