,Age & BMI,"Sleep Quality
(average of nights)"
bt__hct,0.10357199644408875,0.1346670254740725
bt__hemoglobin,0.11558193370316905,0.1534338069246709
