,Age & BMI,Diet
total_arousal_sleep_time,0.0704456302632415,0.12058611532842176
total_sleep_time,0.07008367654542225,0.1195272089469086
total_time_in_bed,0.07104363758580605,0.11003541425461205
total_valid_apnea_sleep_time,0.10049685784754946,0.12750199591818528
total_valid_apnea_central_sleep_time,0.08904605709533575,0.11533415657366955
percent_of_non_supine_sleep,0.0756585050085943,0.09042298900044145
percent_of_supine_sleep,0.07565850500859439,0.09042298900044135
