,Age & BMI,Diet
total_valid_apnea_central_sleep_time,0.016445875990277352,0.0570135852438896
time_to_transition_wake_to_nrem,0.013366073340910799,0.04397252468917065
total_valid_apnea_sleep_time,0.00980073377258665,0.031889983513433695
desaturations_mean_nadir,0.24125045826098118,0.24282594477613426
