,Age & BMI,"HRV
(average of nights)"
above_180,0.01333226586744735,0.035058612511548196
SdB,0.0047350490921276,0.01841672264500575
