,Age & BMI,Blood lipids
time_to_transition_nrem_to_rem,0.00974805267654725,0.04592557874921635
percent_of_prone_sleep,0.012463464706413449,0.0371876140669182
rem_latency,0.013913000728536,0.038381983555801455
