,Age & BMI,Blood lipids
total_time_in_bed,0.0050011729107309,0.07971935497551605
total_sleep_time,0.02841523189324545,0.0751279259521061
total_non_supine_sleep_time,0.0083066236600331,0.046110767638133404
percent_of_supine_sleep,0.03172639540990485,0.05876225807684285
percent_of_non_supine_sleep,0.031715687304345846,0.05873918279724325
total_arousal_sleep_time,0.0284765377019996,0.052150431444818096
rdi_during_left,0.16048269426387246,0.18330201645001054
time_to_transition_rem_to_nrem,0.026783857856280652,0.04724417850860045
rdi_during_rem,0.33254331512157,0.33956043421084625
