,Age & BMI,Gut MB families
sleep_latency,0.02322159230939455,0.06230235116713795
number_of_all_respiratory_events,0.34290466143275133,0.3537134852223469
total_rem_sleep_time,0.08400680874597,0.09226876298505565
total_wake_time,0.09367150783500265,0.10108591643351485
sleep_efficiency,0.0817476479608933,0.08635612928248775
number_of_obstructive_apnea_hypopnea_events,0.46383753073384537,0.4665918935599177
saturation_min_value,0.39121713885241904,0.39305939105085896
desaturations_of_4_9,0.46909544499388617,0.47061930628914617
rdi_during_supine,0.39677949811874125,0.3974919289463461
