,"Age, BMI & VAT",Gut MB families
sleep_latency,0.017701003730511748,0.0583201139478653
