,"Age, BMI & VAT",Gut MB families
number_of_wakes,0.2083943625386867,0.21434090753972457
number_of_transitions_nrem_to_wake,0.23218241742939733,0.2358628719449518
number_of_all_respiratory_events,0.4276265211727977,0.42964012746255587
number_of_apnea_hypopnea_events,0.5530217131939412,0.5539000566907484
odi,0.5407965875615195,0.5416090803869622
