,"Age, BMI & VAT",Gut MB metabolic pathways
clinical_OSA,0.00013496363571261928,0.006651127606340424
