,"Age, BMI & VAT",Gut MB metabolic pathways
clinical_OSA,0.0004431965123621005,0.0076741608753144374
