,"Age, BMI & VAT",Blood lipids
clinical_OSA,0.0002819757126661085,0.012845192452926806
